ID,ClientID,Giới tính,Gender,Chiều cao,Cân nặng,Tuổi,Số đo vùng eo (ngang rốn),Số đo vòng hông (mông),Số đo vòng cổ,BMI,%Bf theo BMI,%Bf theo Navy formula,% Bf tự xác định ,Lựa chọn PP tính % Bf,Tỷ lệ mỡ cơ thể,FFM,Katch McArdle BMR,Mức độ vận động thể chất,Hệ số vận động,Năng lượng tiêu hóa (TEF),Tổng năng lượng cần cho ngày nghỉ,Số buổi tập một tuần,Thời gian tập một buổi (phút),RT EE,Tổng năng lượng cần cho ngày tập,"Mức thâm hụt, thặng dư năng lượng",Mức calo nạp vào hàng ngày,Mức Protein,Mức Fat,Protein,Carb,Fat,HIện tất cả,Ngày tạo,Người tạo
b342f6cb,HDHV0001,Nam,1,183,121,22,73.5,93,,36.13126698,32.21752038,32.43131124,0%,Tỷ lệ mỡ cơ thể theo BMI,4070.00%,71.753,1919.8648,Sedentary,1,15%,2207.84452,4,60,726,3042.74452,-10%,2416.437211,2,20%,242,241.2874422,53.69860469,FALSE,5/21/2025 18:50:42,nhuongggh@gmail.com
c1bd4869,f1b180db,Nữ,0,170,60.7,17,67,98,,21.00346021,23.71415225,38.88351393,0%,Tỷ lệ mỡ cơ thể theo BMI,3400.00%,40.062,1235.3392,Sedentary,1,10%,1358.87312,5,60,364.2,1759.49312,-10%,1480.527237,2,30%,121.4,137.6922664,49.35090789,,7/22/2025 22:28:17,trungtruongfitness@gmail.com
26e10db8,96acd368,Nam,1,168,60.7,35,76,92,,21.50651927,17.65782313,36.46688745,0%,Tỷ lệ mỡ cơ thể theo BMI,2100.00%,47.953,1405.7848,Sedentary,1,20%,1686.94176,3,60,364.2,2123.98176,20%,2249.093541,1,30%,60.7,332.8913696,74.96978469,,8/7/2025 19:31:10,trungtruongfitness@gmail.com
95c3e443,77c32890,Nam,1,160,90.9,15,98,110,,35.5078125,,48.38774782,0%,Tỷ lệ mỡ cơ thể theo BMI,4260.00%,52.1766,1497.01456,Sedentary,1,10%,1646.716016,5,60,545.4,2246.656016,-20%,1660.19567,2,20%,181.8,150.239134,36.89323711,,8/13/2025 12:35:58,trungtruongfitness@gmail.com
f682646a,eb99e0ed,Nữ,0,162,41.8,18,57,85,,15.92745008,17.8529401,30.25343124,0%,Tỷ lệ mỡ cơ thể theo BMI,2430.00%,31.6426,1053.48016,Active,1.27,,1337.919803,4,60,250.8,1588.719803,,1481.234089,100,30%,4180,-3920.784034,49.37446963,,8/22/2025 13:47:35,khaihuy147@gmail.com
efd91229,2993413d,Nữ,0,,54.4,27,70,99,30,#DIV/0!,#DIV/0!,#NUM!,0%,Tỷ lệ mỡ cơ thể theo BMI,2140.00%,42.7584,1293.58144,,,,0,,60,326.4,326.4,,0,150,30%,8160,-8160,0,,8/29/2025 15:44:37,khaihuy147@gmail.com